10002|10002|compendium
10003|10003|compendium
10004|10004|compendium
10005|10005|compendium
10008|10008|catalog
10009|10009|catalog
10010|10010|compendium
10011|10011|catalog
10014|
10015|10015|catalog
10017|10017|compendium
10018|10018|catalog
10019|10019|catalog
10020|10020|compendium
10021|10021|catalog
10022|10022|compendium
10023|10023|catalog
10024|10024|catalog
10025|10025|catalog
10026|10026|catalog
10027|10027|catalog
10028|10028|catalog
10029|10029|compendium
10030|10030|catalog
10031|10031|compendium
10032|10032|compendium
10033|
10044|10044|compendium
10045|10045|compendium
10046|10046|compendium
10047|10047|compendium
10048|10048|compendium
10049|10049|compendium
10050|10050|compendium
10054|10054|catalog
10056|10056|compendium
10057|10057|compendium
10058|10058|compendium
10059|10059|compendium
10060|10060|compendium
10061|10061|compendium
10062|10062|compendium
10063|10063|compendium
10064|10064|compendium
10065|10065|compendium
10066|10019|compendium
10067|10067|compendium
10068|10068|compendium
10069|10069|compendium
10070|10070|compendium
10071|10071|compendium
10072|10072|compendium
10073|10073|compendium
10074|10074|compendium
10075|10075|compendium
10082|10082|compendium
10084|10084|compendium
10085|10085|compendium
10086|10086|compendium
10087|10087|catalog
10089|10089|catalog
10090|
10091|10091|compendium
10092|10092|compendium
10093|10093|compendium
10094|10094|compendium